CaseNumber,CaseLink
CCH-22-584951,https://webapps.sftc.org/ci/CaseInfo.dll?CaseNum=CGC22601467&SessionID=522440EF99F0D80EFFAF84A225050F1AECF20E65
CCH-22-584952,https://webapps.sftc.org/ci/CaseInfo.dll?CaseNum=CGC22601467&SessionID=522440EF99F0D80EFFAF84A225050F1AECF20E65
CCH-22-584953,https://webapps.sftc.org/ci/CaseInfo.dll?CaseNum=CGC22601467&SessionID=522440EF99F0D80EFFAF84A225050F1AECF20E65
CCH-22-584954,https://webapps.sftc.org/ci/CaseInfo.dll?CaseNum=CGC22601467&SessionID=522440EF99F0D80EFFAF84A225050F1AECF20E65
CCH-22-584955,https://webapps.sftc.org/ci/CaseInfo.dll?CaseNum=CGC22601467&SessionID=522440EF99F0D80EFFAF84A225050F1AECF20E65
CCH-22-584956,https://webapps.sftc.org/ci/CaseInfo.dll?CaseNum=CGC22601467&SessionID=522440EF99F0D80EFFAF84A225050F1AECF20E65
CCH-22-584957,https://webapps.sftc.org/ci/CaseInfo.dll?CaseNum=CGC22601467&SessionID=522440EF99F0D80EFFAF84A225050F1AECF20E65
CCH-22-584958,https://webapps.sftc.org/ci/CaseInfo.dll?CaseNum=CGC22601467&SessionID=522440EF99F0D80EFFAF84A225050F1AECF20E65
CGC-22-601464,https://webapps.sftc.org/ci/CaseInfo.dll?CaseNum=CGC22601467&SessionID=522440EF99F0D80EFFAF84A225050F1AECF20E65
CGC-22-601467,https://webapps.sftc.org/ci/CaseInfo.dll?CaseNum=CGC22601467&SessionID=522440EF99F0D80EFFAF84A225050F1AECF20E65
CGC-22-601473,https://webapps.sftc.org/ci/CaseInfo.dll?CaseNum=CGC22601482&SessionID=522440EF99F0D80EFFAF84A225050F1AECF20E65
CGC-22-601474,https://webapps.sftc.org/ci/CaseInfo.dll?CaseNum=CGC22601482&SessionID=522440EF99F0D80EFFAF84A225050F1AECF20E65
CGC-22-601475,https://webapps.sftc.org/ci/CaseInfo.dll?CaseNum=CGC22601482&SessionID=522440EF99F0D80EFFAF84A225050F1AECF20E65
CGC-22-601476,https://webapps.sftc.org/ci/CaseInfo.dll?CaseNum=CGC22601482&SessionID=522440EF99F0D80EFFAF84A225050F1AECF20E65
CGC-22-601477,https://webapps.sftc.org/ci/CaseInfo.dll?CaseNum=CGC22601482&SessionID=522440EF99F0D80EFFAF84A225050F1AECF20E65
CGC-22-601478,https://webapps.sftc.org/ci/CaseInfo.dll?CaseNum=CGC22601482&SessionID=522440EF99F0D80EFFAF84A225050F1AECF20E65
CGC-22-601479,https://webapps.sftc.org/ci/CaseInfo.dll?CaseNum=CGC22601482&SessionID=522440EF99F0D80EFFAF84A225050F1AECF20E65
CGC-22-601480,https://webapps.sftc.org/ci/CaseInfo.dll?CaseNum=CGC22601482&SessionID=522440EF99F0D80EFFAF84A225050F1AECF20E65
CGC-22-601481,https://webapps.sftc.org/ci/CaseInfo.dll?CaseNum=CGC22601482&SessionID=522440EF99F0D80EFFAF84A225050F1AECF20E65
CGC-22-601482,https://webapps.sftc.org/ci/CaseInfo.dll?CaseNum=CGC22601482&SessionID=522440EF99F0D80EFFAF84A225050F1AECF20E65
CGC-22-601483,https://webapps.sftc.org/ci/CaseInfo.dll?CaseNum=CGC22601492&SessionID=522440EF99F0D80EFFAF84A225050F1AECF20E65
CGC-22-601484,https://webapps.sftc.org/ci/CaseInfo.dll?CaseNum=CGC22601492&SessionID=522440EF99F0D80EFFAF84A225050F1AECF20E65
CGC-22-601485,https://webapps.sftc.org/ci/CaseInfo.dll?CaseNum=CGC22601492&SessionID=522440EF99F0D80EFFAF84A225050F1AECF20E65
CGC-22-601486,https://webapps.sftc.org/ci/CaseInfo.dll?CaseNum=CGC22601492&SessionID=522440EF99F0D80EFFAF84A225050F1AECF20E65
CGC-22-601487,https://webapps.sftc.org/ci/CaseInfo.dll?CaseNum=CGC22601492&SessionID=522440EF99F0D80EFFAF84A225050F1AECF20E65
CGC-22-601488,https://webapps.sftc.org/ci/CaseInfo.dll?CaseNum=CGC22601492&SessionID=522440EF99F0D80EFFAF84A225050F1AECF20E65
CGC-22-601489,https://webapps.sftc.org/ci/CaseInfo.dll?CaseNum=CGC22601492&SessionID=522440EF99F0D80EFFAF84A225050F1AECF20E65
CGC-22-601490,https://webapps.sftc.org/ci/CaseInfo.dll?CaseNum=CGC22601492&SessionID=522440EF99F0D80EFFAF84A225050F1AECF20E65
CGC-22-601491,https://webapps.sftc.org/ci/CaseInfo.dll?CaseNum=CGC22601492&SessionID=522440EF99F0D80EFFAF84A225050F1AECF20E65
CGC-22-601492,https://webapps.sftc.org/ci/CaseInfo.dll?CaseNum=CGC22601492&SessionID=522440EF99F0D80EFFAF84A225050F1AECF20E65
CGC-22-601493,https://webapps.sftc.org/ci/CaseInfo.dll?CaseNum=CGC22601502&SessionID=522440EF99F0D80EFFAF84A225050F1AECF20E65
CGC-22-601494,https://webapps.sftc.org/ci/CaseInfo.dll?CaseNum=CGC22601502&SessionID=522440EF99F0D80EFFAF84A225050F1AECF20E65
CGC-22-601495,https://webapps.sftc.org/ci/CaseInfo.dll?CaseNum=CGC22601502&SessionID=522440EF99F0D80EFFAF84A225050F1AECF20E65
CGC-22-601496,https://webapps.sftc.org/ci/CaseInfo.dll?CaseNum=CGC22601502&SessionID=522440EF99F0D80EFFAF84A225050F1AECF20E65
CGC-22-601497,https://webapps.sftc.org/ci/CaseInfo.dll?CaseNum=CGC22601502&SessionID=522440EF99F0D80EFFAF84A225050F1AECF20E65
CGC-22-601498,https://webapps.sftc.org/ci/CaseInfo.dll?CaseNum=CGC22601502&SessionID=522440EF99F0D80EFFAF84A225050F1AECF20E65
CGC-22-601499,https://webapps.sftc.org/ci/CaseInfo.dll?CaseNum=CGC22601502&SessionID=522440EF99F0D80EFFAF84A225050F1AECF20E65
CGC-22-601500,https://webapps.sftc.org/ci/CaseInfo.dll?CaseNum=CGC22601502&SessionID=522440EF99F0D80EFFAF84A225050F1AECF20E65
CGC-22-601501,https://webapps.sftc.org/ci/CaseInfo.dll?CaseNum=CGC22601502&SessionID=522440EF99F0D80EFFAF84A225050F1AECF20E65
CGC-22-601502,https://webapps.sftc.org/ci/CaseInfo.dll?CaseNum=CGC22601502&SessionID=522440EF99F0D80EFFAF84A225050F1AECF20E65
CGC-22-601503,https://webapps.sftc.org/ci/CaseInfo.dll?CaseNum=CSM22865997&SessionID=522440EF99F0D80EFFAF84A225050F1AECF20E65
CGC-22-601504,https://webapps.sftc.org/ci/CaseInfo.dll?CaseNum=CSM22865997&SessionID=522440EF99F0D80EFFAF84A225050F1AECF20E65
CGC-22-601505,https://webapps.sftc.org/ci/CaseInfo.dll?CaseNum=CSM22865997&SessionID=522440EF99F0D80EFFAF84A225050F1AECF20E65
CGC-22-601506,https://webapps.sftc.org/ci/CaseInfo.dll?CaseNum=CSM22865997&SessionID=522440EF99F0D80EFFAF84A225050F1AECF20E65
CNC-22-557388,https://webapps.sftc.org/ci/CaseInfo.dll?CaseNum=CSM22865997&SessionID=522440EF99F0D80EFFAF84A225050F1AECF20E65
CNC-22-557389,https://webapps.sftc.org/ci/CaseInfo.dll?CaseNum=CSM22865997&SessionID=522440EF99F0D80EFFAF84A225050F1AECF20E65
CPF-22-517853,https://webapps.sftc.org/ci/CaseInfo.dll?CaseNum=CSM22865997&SessionID=522440EF99F0D80EFFAF84A225050F1AECF20E65
CPF-22-517854,https://webapps.sftc.org/ci/CaseInfo.dll?CaseNum=CSM22865997&SessionID=522440EF99F0D80EFFAF84A225050F1AECF20E65
CSM-22-865996,https://webapps.sftc.org/ci/CaseInfo.dll?CaseNum=CSM22865997&SessionID=522440EF99F0D80EFFAF84A225050F1AECF20E65
CSM-22-865997,https://webapps.sftc.org/ci/CaseInfo.dll?CaseNum=CSM22865997&SessionID=522440EF99F0D80EFFAF84A225050F1AECF20E65
CSM-22-865998,https://webapps.sftc.org/ci/CaseInfo.dll?CaseNum=CUD22669973&SessionID=522440EF99F0D80EFFAF84A225050F1AECF20E65
CSM-22-865999,https://webapps.sftc.org/ci/CaseInfo.dll?CaseNum=CUD22669973&SessionID=522440EF99F0D80EFFAF84A225050F1AECF20E65
CUD-22-669966,https://webapps.sftc.org/ci/CaseInfo.dll?CaseNum=CUD22669973&SessionID=522440EF99F0D80EFFAF84A225050F1AECF20E65
CUD-22-669967,https://webapps.sftc.org/ci/CaseInfo.dll?CaseNum=CUD22669973&SessionID=522440EF99F0D80EFFAF84A225050F1AECF20E65
CUD-22-669968,https://webapps.sftc.org/ci/CaseInfo.dll?CaseNum=CUD22669973&SessionID=522440EF99F0D80EFFAF84A225050F1AECF20E65
CUD-22-669969,https://webapps.sftc.org/ci/CaseInfo.dll?CaseNum=CUD22669973&SessionID=522440EF99F0D80EFFAF84A225050F1AECF20E65
CUD-22-669970,https://webapps.sftc.org/ci/CaseInfo.dll?CaseNum=CUD22669973&SessionID=522440EF99F0D80EFFAF84A225050F1AECF20E65
CUD-22-669971,https://webapps.sftc.org/ci/CaseInfo.dll?CaseNum=CUD22669973&SessionID=522440EF99F0D80EFFAF84A225050F1AECF20E65
CUD-22-669972,https://webapps.sftc.org/ci/CaseInfo.dll?CaseNum=CUD22669973&SessionID=522440EF99F0D80EFFAF84A225050F1AECF20E65
CUD-22-669973,https://webapps.sftc.org/ci/CaseInfo.dll?CaseNum=CUD22669973&SessionID=522440EF99F0D80EFFAF84A225050F1AECF20E65
FAD-22-023699,https://webapps.sftc.org/ci/CaseInfo.dll?CaseNum=FDV22816430&SessionID=522440EF99F0D80EFFAF84A225050F1AECF20E65
FCS-22-355876,https://webapps.sftc.org/ci/CaseInfo.dll?CaseNum=FDV22816430&SessionID=522440EF99F0D80EFFAF84A225050F1AECF20E65
FDI-22-796904,https://webapps.sftc.org/ci/CaseInfo.dll?CaseNum=FDV22816430&SessionID=522440EF99F0D80EFFAF84A225050F1AECF20E65
FDI-22-796905,https://webapps.sftc.org/ci/CaseInfo.dll?CaseNum=FDV22816430&SessionID=522440EF99F0D80EFFAF84A225050F1AECF20E65
FDI-22-796906,https://webapps.sftc.org/ci/CaseInfo.dll?CaseNum=FDV22816430&SessionID=522440EF99F0D80EFFAF84A225050F1AECF20E65
FDI-22-796907,https://webapps.sftc.org/ci/CaseInfo.dll?CaseNum=FDV22816430&SessionID=522440EF99F0D80EFFAF84A225050F1AECF20E65
FDI-22-796908,https://webapps.sftc.org/ci/CaseInfo.dll?CaseNum=FDV22816430&SessionID=522440EF99F0D80EFFAF84A225050F1AECF20E65
FDI-22-796911,https://webapps.sftc.org/ci/CaseInfo.dll?CaseNum=FDV22816430&SessionID=522440EF99F0D80EFFAF84A225050F1AECF20E65
FDV-22-816429,https://webapps.sftc.org/ci/CaseInfo.dll?CaseNum=FDV22816430&SessionID=522440EF99F0D80EFFAF84A225050F1AECF20E65
FDV-22-816430,https://webapps.sftc.org/ci/CaseInfo.dll?CaseNum=FDV22816430&SessionID=522440EF99F0D80EFFAF84A225050F1AECF20E65
